tender_id,title,org_name,district,state,expired
2024_HPSEB_92636_1,CEKZ-PSDF-08/2024-25,HPSEBL,,,false
2024_NHAI_207557_1,Consultancy services as Independent Engineer during Operation and Maintenance for the project Two Four Laning of BRT Tiger Reserve Boundary to Bangalore Section of NH 209,National Highways Authority of India,Bangalore,Karnataka,false
2024_NHAI_207445_1,Balance work of four laning of NH965G from Km 41 369 Baramati to Km 83 500 Indapur Design Length 42 131 Km and one time improvement of selected stretches Package II in the State of Maharashtra under Bharatmala Pariyojana on EPC Mode,National Highways Authority of India,Pune,Maharashtra,false
2024_NHAI_207429_1,"Construction of STRR, NH948A Bagganadoddi Anekal Taluk) to S. Mudugadapalli (Hosur Taluk) from km 120.980 to km 144.250-144.000 in Karnataka and Tamil Nadu on HAM Project Length-23.27 (Phase-II Package-3)",National Highways Authority of India,South West Delhi,Delhi,false
2024_NHAI_207252_1,Special Repair of Bridges Using UHPFRC at Km 140.200 and 171.455 along the Two Lane with paved shoulders configuration in Jowai-Meghalaya Assam Border Section of NH-44(New NH-06) from Km 69.200 to Km173.200 in the State of Meghalaya.,National Highways Authority of India,Kamrup,Assam,false
2024_NHAI_207427_1,Construction of STRR-NH948A Thattekere (Kanakapura Taluk) to Bagganadoddi (Anekal Taluk) from km 112.640 to km 120.980 (Design Chainage) in Karnataka on HAM Project Length - 8.340 km (Phase II Package 2),National Highways Authority of India,South West Delhi,Delhi,false
2024_NHAI_207426_1,Construction of STRR (West side) NH948A Kunagal Ramanagara Taluk) to Thattekere (Kanakapura Taluk) from km 79.000 to km 112.640 (Design) Package-1 in the state of Karnataka on Hybrid Annuity Mode,National Highways Authority of India,South West Delhi,Delhi,false
2024_NHAI_207428_1,Construction of STRR NH 948A Somakkanamutta (Magadi Taluk) to Kunigal (Ramanagara Taluk) from km46.300 to km 79.000 in Karnataka on HAM Project Length 32.70 PhaseI Pkg2,National Highways Authority of India,South West Delhi,Delhi,false
2024_NHAI_207425_1,Const of STRRNH 948A Obalapura (Nelamangala Taluk) to Somakkanamutta (Magadi Taluk) from km 0.00 to km46.30 in Karnataka on HAM Project Length 46.30 Km Phase-I Pkg1,National Highways Authority of India,South West Delhi,Delhi,false
2024_NHAI_207272_1,Rectification of Accident Spots by Construction of LVUP at Km 26.530 and Service Road in Oddanchatram Bypass Section of NH-83 (NH-209) in the State of Tamil Nadu,National Highways Authority of India,Dindigul,Tamil Nadu,false
2024_NHAI_207210_1,"Construction of 4 Lane Access controlled Highway from Vakalapudi Light House to Annavaram on NH-16 section of NH-516F from Km. 0.000 to Km. 40.621, on HAM under Bharatmala Pariyojana, Phase-1 in the State of Andhra Pradesh",National Highways Authority of India,South West Delhi,Delhi,false
2024_NHAI_207129_1,Empanelment of Consultants for Land Acquisition (LA) in NHAI Projects across India,National Highways Authority of India,South West Delhi,Delhi,false
2024_NHAI_207116_1,Independent Engineer Services during Operation and Maintenance period for Four laning of Trichy - Dindigul section of NH-45 New NH-83 from Km 334/000 to Km 421/273 in the State of Tamil Nadu under NHDP Phase-III A on BOT basis,National Highways Authority of India,Tiruchirappalli,Tamil Nadu,false
2024_NHAI_207127_1,Empanelment of Geotechnical Investigation and Testing Agencies for NHAI Projects across India,National Highways Authority of India,South West Delhi,Delhi,false
2024_NHAI_206899_1,Six laning of Surat Nashik Ahmednagar Solapur MH/KNT Border Greenfield stretch Package-VIIB from Manjarsumba (Km 270.000) to Sarolabaddhi (Km 290.000) in the State of Maharashtra to be executed on Hybrid Annuity Mode under NH(O),National Highways Authority of India,South West Delhi,Delhi,false
2024_NHAI_206925_1,"DEVELOPING, OPERATING AND MAINTAINING OF WAYSIDE AMENITIES ON Delhi- Saharanpur- Dehradun Bundle 3n4 VARIOUS SECTIONS ON LEASE BASIS",National Highways Authority of India,South West Delhi,Delhi,false
2024_NHAI_206923_1,"DEVELOPING, OPERATING AND MAINTAINING OF WAYSIDE AMENITIES ON DELHI- MUMBAI EXPRESSWAY in VARIOUS SECTIONS ON LEASE BASIS",National Highways Authority of India,South West Delhi,Delhi,false
2024_NHAI_206920_1,"DEVELOPING, OPERATING AND MAINTAINING OF WAYSIDE AMENITIES ON DELHI- AMRITSAR- KATRA IN JAMMU in VARIOUS SECTIONS ON LEASE BASIS",National Highways Authority of India,South West Delhi,Delhi,false
2024_NHAI_206900_1,Six laning of Surat Nashik Ahmednagar Solapur MH/KNT Border Greenfield stretch Package - VIII from km 290.000 to km 330.500 in the State of Maharashtra to be executed on Hybrid Annuity Mode under NH(O),National Highways Authority of India,South West Delhi,Delhi,false
2024_NHAI_206915_1,Additional/Balance works of Thalassery-Mahe Bypass in NH-66,National Highways Authority of India,,,false
2024_NHAI_206907_1,Construction of 6 Lane Access Controlled Greenfield Highway from Kasegaon village to Hattur village sec (South Bypass to Solapur city) of Surat Nashik Ahmednagar Solapur Akkalkot on HAM in Maharashtra under NH(O) Package XV (Km 0.870 to Km 34.570),National Highways Authority of India,South West Delhi,Delhi,false
2024_NHAI_206922_1,"DEVELOPING, OPERATING AND MAINTAINING OF WAYSIDE AMENITIES ON NH-48 CH-137 CH 190 IN GUJARAT VARIOUS SECTIONS ON LEASE BASIS.",National Highways Authority of India,South West Delhi,Delhi,false
2024_NHAI_206910_1,Cons. of Six-Lane Access Controlled Greenfield Highway from Katgaon village to Bale village section (North Bypass to Solapur city) of Surat Nashik Ahmednagar Solapur Akkalkot on HAM Mode in Maharashtra under NH(O) Pkg- XVI (Km 0.000 to Km 30.080),National Highways Authority of India,South West Delhi,Delhi,false
2024_NHAI_206905_1,Construction of Six-Lane Access Controlled Greenfield Highway from Hingani village to Katgaon village section of Surat - Nashik - Ahmednagar - Solapur - Akkalkot on HAM Mode in Maharashtra under NH (O) Package- XII (Km 450.000 to Km 486.000,National Highways Authority of India,South West Delhi,Delhi,false
2024_NHAI_206903_1,Construction of Six Lane Access Controlled Greenfield Highway from Katgaon village to Hasapur village section of Surat Nashik Ahmednagar Solapur Akkalkot on HAM Mode in Maharashtra under NH (O) Package XIII (Km 486.000 to Km 512.000),National Highways Authority of India,South West Delhi,Delhi,false
2024_NHAI_206897_1,Six laning of Surat Nashik Ahmednagar Solapur MH/KNT Border Greenfield stretch Package V from Km. 146.000 (Chehedi Khurdh) to Km. 190.560 (Khandalwadi) in the state of Maharashtra to be executed on Hybrid Annuity Mode under NH (O),National Highways Authority of India,South West Delhi,Delhi,false
2024_NHAI_206904_1,Construction of 6Lane Access Controlled GH from Shiral village to Chinchpur (B) village section of Surat Nashik Ahmednagar Solapur Akkalkot on HAM Mode in the State of Maharashtra under NH (O) Package-IX (Km 330.500 to Km 370.000) Length 39.50Km,National Highways Authority of India,South West Delhi,Delhi,false
2024_NHAI_206901_1,Six laning of Surat - Nashik - Ahmednagar - Solapur -MH/KNT Border Greenfield stretch PackageXI from Nagobachiwadi village (km 415.500 to Katgaon village (km 450.000) in Maharashtra on HAM under NH(O),National Highways Authority of India,South West Delhi,Delhi,false
2024_NHAI_206894_1,Six Laning of Surat- Nashik- Ahmednagar- Solapur- MH/KNT Border Greenfield stretch Package-IV from km 107.000 (Ambegaon) to km 146.000 (Chehedi Khurdh) in Maharashtra to be executed on HAM under NH(O),National Highways Authority of India,South West Delhi,Delhi,false
2024_NHAI_206879_1,Operation and Maintenance of amenities on Bengaluru to Mysuru Section of NH275 under Highway Nest,National Highways Authority of India,Mandya,Karnataka,false
2024_NHAI_206892_1,Six laning of Surat Nashik Ahmednagar Solapur MH/KNT Border Greenfield stretch Package-VI from Chincholigurav (Km 190.560) to Mominakhada (Km 245.100) in the State of Maharashtra to be executed on Hybrid Annuity Mode under NH (O),National Highways Authority of India,South West Delhi,Delhi,false
2024_NHAI_206895_1,Six laning of Surat Nashik Ahmednagar Solapur MH/KNT Border Greenfield stretch Package VII-A from Mominakhada (Km 245.100) to Manjarsumba (Km 270.000) in the State of Maharashtra to be executed on Hybrid Annuity Mode under NH(O),National Highways Authority of India,South West Delhi,Delhi,false
2024_NHAI_206898_1,Six Laning of Surat - Nashik - Ahmednagar - Solapur - MH/KNT Border Greenfield stretch Package -X from km 370.000 (Chinchpur (B) village) to km 415.500 (Nagobachiwadi village) in Maharashtra on HAM under NH(O),National Highways Authority of India,South West Delhi,Delhi,false
2024_NHAI_206668_1,"Construction of 05 nos. of VUP i.e. at Km. 434.150, Km. 452.150, Km. 456.000, Km.462.670, Km. 466.270 and 01 no. Flyover at Km. 442.610 with Approach Roads, in Puintola to Icchapuram Section of NH 16 in the State of Odisha on EPC Mode",National Highways Authority of India,Ganjam,Odisha,true
2024_NHAI_206842_1,Routine Maintenance and Periodic renewal work of 2 lane with paved shoulder 4-lane of Barmer-Bagundi Km 0.00 to Km 74.100 of NH-25 in the state of Rajasthan on Performance Based Maintenance Contracts (PBMC) mode,National Highways Authority of India,South West Delhi,Delhi,false
2024_NHAI_206639_1,CS for AE for Development of 6 lane GF (Pkg-IIA) starts from Ch.23.325-ch.32.090 around Kanpur city (8.765 kms) and Development of 6L GF (Pkg-IIB) starts from Design Start from Ch.32.090-Ch.51.200 around Kanpur city (19.110 kms) in UP on EPC mode,National Highways Authority of India,South West Delhi,Delhi,true
2024_NHAI_207388_1,IE Services during O and M Period of 6 laning of Gorhar to Khairatunda from km. 320.810 to km. 360 to 300 Total length 40.192 and 6 laning of Khairatunda to Barwa Adda from km. 360.300 to km. 400.132 Total length 40.33km section NH02 State Jharkhand,National Highways Authority of India,Ranchi,Jharkhand,false
2024_NHAI_206471_1,Construction of 4 lane Western Bypass of Gwalior from Km 0.000 to Km 28.800 in the State of Madhya Pradesh on EPC Mode under NH(O) scheme,National Highways Authority of India,South West Delhi,Delhi,false
2024_NHAI_206224_1,"Construction of connecting road at BHS for six laning along with full access control provisions in stretches from Saharanpur bypass to Ganeshpur section of Delhi Dehradun in the Uttar Pradesh and Uttarakhand on EPC under BMP Phase-1, package 1 and 2",National Highways Authority of India,Saharanpur,Uttar Pradesh,false
2024_NHAI_206317_1,Empanelment of Road Safety Consultants for NHAI Projects,National Highways Authority of India,South West Delhi,Delhi,false
2024_NHAI_206191_1,Operation and Maintenance of Ranchi Bypass section from km 113.700 to 140.000 26.27 Km in Length of NH 33 in the state of Jharkhand,National Highways Authority of India,Ranchi,Jharkhand,false
2024_NHAI_206615_1,Routine Maintenance under OnM of Manegaon-Barela section of NH-30,National Highways Authority of India,Jabalpur,Madhya Pradesh,true
2024_NHAI_206067_1,Permanent rectification of Accident Spot at Lingampally X Road for construction of VOP at Km 463.138 on MH KNT Border to Sangareddy Section of NH 65 Old NH 09 in the state of Karnataka and Telangana on EPC mode,National Highways Authority of India,Cuddapah,Andhra Pradesh,false
2024_NHAI_205894_1,"General Management Consultancy Services for Design, Development, Operation and Maintenance of Wayside Amenities on National Highways/ Expressways",National Highways Authority of India,South West Delhi,Delhi,false
2024_NHAI_205449_1,Construction of Grade separators along with Service Roads at Four lane VOPs at Veerasandra Junction at Chainages 19.395 n 19.465 KA02115 2.Four lane VOP at Old Chandapura at Chainage 25.180 KA0335 3.Four lane VOP at Guddahatti gate Jain Temple at Cha,National Highways Authority of India,Bangalore,Karnataka,false
2024_NHAI_205478_1,LARGE AND SMALL WAYSIDE AMENITIES ON DIFFERENT SECTIONS OF NATIONAL HIGHWAY ON LEASE BASIS IN O AND M BASIS,National Highways Authority of India,South West Delhi,Delhi,false
2024_NHAI_205143_1,Road Safety Improvement of existing four lane section of Muzaffarnagar-Haridwar Section of NH-334 on EPC Mode in the state of Uttar Pradesh and Uttarakhand under NH(O),National Highways Authority of India,South West Delhi,Delhi,false
2024_NHAI_205128_1,"LT rect work of BS by Const of 1VUP at Sorath Jn GJ02-145 at Km13.255,2Flyover at Keshod JnGJ-02-212 at Km64.077,3Flyover, LVUP at Gadu LocGJ-02-178 atKm97.800 andiv.SR at Santipara GJ-02-233 Km100.48to103.497 on Jet-Som sect of NH151",National Highways Authority of India,,,false
2024_NHAI_205316_1,Construction of Balance Works in Tiger Corridor and Provision of Mitigation Measures Structures in Itarsi Betul Section of NH-69 (km 61.500 to km 67.380 km 80.940 to km 88.640 km 108.933 to 116.263) in Madhya Pradesh on EPC mode.,National Highways Authority of India,South West Delhi,Delhi,false
2024_NHAI_206598_1,Construction of Vehicular underpass at Kudal Sangam cross at Km.305.446 Black spot ID KA 02 367 and VUP at Belgal cross at Km.307.151 Black spot ID KA02 249 on the 4 lane Bijapur Hungund section of NH 50 from Km.225.800 to Km.323.012 in the state of,National Highways Authority of India,Bagalkot,Karnataka,false
2024_NHAI_204983_1,Construction of VUP at Km.255.770 near Bada Cross of NH48 Old NH4 at the entrance to Davangere city for Six Laning of Chitradurga Davanagere including Chitradurga bypass Km.189.000 to km.260.000 in the state of Karnataka,National Highways Authority of India,Davangere,Karnataka,true
2024_NHAI_204620_1,Balance Works for 6 Laning of Sriperumbudur to Karapettai Sec of NH4 (New NH-48) from Km 37.000 (Exist Km 37.000) to Km 71.015 (Exist. Km 71.000)in Tamil Nadu on EPC Mode under NHDP Phase V,National Highways Authority of India,South West Delhi,Delhi,false
2024_NHAI_204916_1,Upgrad of Exist Road to 4/6 Lane with 2Lane Service Road on both sides and Const. of 8Lane EF at Tier1 on Single Pier sec frm Nashik Phata to Alandi Phata PkgI of NH60 Frm Km.12.190 to Km.28.890 in Maharashtra on BOT basis under NH O,National Highways Authority of India,South West Delhi,Delhi,false
2024_NHAI_204671_1,Balance work for construction of 2-lane with paved shoulder from km 80.800 to km 85.250 (Satna-Maihar) section of NH 135BG (design length 4.450 km) in the state of Madhya Pradesh on EPC mode,National Highways Authority of India,South West Delhi,Delhi,false
2024_NHAI_204922_1,Upgrad of Exist Road to 4/6 Lane with 2Lane Service Road on both sides and Const. of 8Lane Elevated Flyover at Tier1 on Single Pier sect from Alandi Phata to Khed PKGII of NH60 From Km28.890 to Km42.100 in Maharashtra on BOT basis under NH (O),National Highways Authority of India,South West Delhi,Delhi,false
2024_NHAI_203358_1,"DEVELOPING, OPERATING AND MAINTAINING OF WAYSIDE AMENITIES ON AHMEDABAD DHOLERA EXPRESSWAY IN VARIOUS SECTIONS ON LEASE BASIS",National Highways Authority of India,South West Delhi,Delhi,true
2024_NHAI_205360_1,Slope stability and protection work of 7 nos. of vulnerable location along the Jowai-Ratacherra section of NH-6 in the state of Meghalaya on item rate (percentage) basis,National Highways Authority of India,Kamrup,Assam,false
2024_NHAI_205138_1,Road Safety Improvement of existing four lane section of Dehradun-Lal Tappar-Nepali Farm Section of NH-7 (Design Chainage 501.930 to 531.330) and Nepali Farm-Motichur NH-34 (Design Chainage 531.330-538.750) on EPC Mode in Uttarakhand under NH(O),National Highways Authority of India,South West Delhi,Delhi,false
2024_NHAI_202210_1,"DEVELOPMENT, OPERATION AND MAINTENANCE OF WAYSIDE AMENITIES ON DIFFERENT SECTIONS OF NATIONAL HIGHWAY ON LEASE BASIS",National Highways Authority of India,South West Delhi,Delhi,true
2024_NHAI_201974_1,Construction of 2 nos of Flyover on Omarpur Junction of NH34 from Design Ch. 245.50 to Design Ch. 247.500 (Length2.0 km) and on Dhulian Junction of NH 34 from Design Ch. 274.300 to Design Ch. 276.500 (Length2.2 km) in West Bengal on EPC Mode,National Highways Authority of India,South West Delhi,Delhi,false
2024_NHAI_201546_1,Construction of 6 lane elevated corridor including its approaches from Km. 629.880 to Km. 634.470 (Design Chainage) of NH16 in Ranasthalam Town portion in the state of Andhra Pradesh under NH(O) on EPC Mode,National Highways Authority of India,South West Delhi,Delhi,false
2024_NHAI_201451_1,Const of flyover at Gammon Junc at Km.903.265 on NH16 inclu vent at Diwancheruvu junc at Km.902.308 (Blackspot ID No.AP(03)299) in Andhra Pradesh on EPC mode under NH(O),National Highways Authority of India,South West Delhi,Delhi,false
2024_NHAI_201383_1,Access Controlled Highway of 4 Lane with Paved Shoulders from Design Ch. 55.800 Muddhenahalli to Design Ch 76.160 Keresooragondanahalli in Hassan Hiriyur section EC20 in Karnataka on HAM under NH (O) Project Length 20.36 kms- (PKG 3),National Highways Authority of India,South West Delhi,Delhi,true
2024_NHAI_200338_1,Construction of Four lane access controlled Greenfield highway from Keyondpani to Latra section of NH 143D starting from DC 59.300 to DC 103.000 on Hybrid Annuity Mode (HAM) in the state of Jharkhand (Package III),National Highways Authority of India,South West Delhi,Delhi,false
2024_NHAI_201384_1,Access Controlled Highway of 4 Lane with Paved Shoulders from Design Ch. 0.000 Ranganathpura (Hassan) to Design Ch 26.000 Kammaragatta in Hassan Hiriyur section of EC-20 in Karnataka on HAM under NH (O) Project Length 26 kms (Package 1),National Highways Authority of India,South West Delhi,Delhi,true
2024_NHAI_201393_1,Access Controlled Highway of 4L with Paved Shoulder from AP/KN Border (DC. 0.000) to Mittimalkapur (DC. 23.500) in AP/KN Border Raichur KN/TS Border Sec of NH167 in Karnataka on HAM under NH(O) Project Length 23.5 km (Pkg 1),National Highways Authority of India,South West Delhi,Delhi,true
2024_NHAI_200334_1,Const of 4lane access controlled GF from Kereya to Keyondpani sec of NH 143D starting frm design chain. 28.953 to design chain 59.300 Length 30.347 km on HAM in Jharkhand (PKGII),National Highways Authority of India,South West Delhi,Delhi,false
2024_NHAI_199659_1,IE Services for Construction of 4 laning of Patna-Arrah-Sasaram corridor PKG-2 1.Garhani at Ch.Km73.700 to Patar at Ch.Km84.300 2.Greenfield from Sadisopur at Patna Ring Road (NH-131G) Ch.Km0.000 to Asani Ch Km35.800 of NH-119A in Bihar on HAM Mode,National Highways Authority of India,South West Delhi,Delhi,false
2024_NHAI_201388_1,Access Controlled Highway of 4L with Paved Shoulder from DC 10.00 to DC 33.87 in Bellary Moka KNT/AP Border section of NH167 in Karnataka on Hybrid Annuity Mode under NH(O) (Project Length 23.870 km),National Highways Authority of India,South West Delhi,Delhi,true
2024_NHAI_201196_1,Four laning of Badvel to Nellore section of NH67 on HAM PKG-3 starting near Yeturu Vill (Design Ch.705.048) and ending near Guruvindapudi Vill (DC.739.094) with design length of 34.046 kms under NH(O) in the state of Andhra Pradesh.,National Highways Authority of India,South West Delhi,Delhi,true
2024_NHAI_201387_1,Access Controlled Highway of 4 Lane with Paved Shoulders from design Ch. 26.000 Kammaragatta (Hassan) to design Ch 55.800 Muddhenahalli in Hassan-Hiriyur section of EC-20 in Karnataka on HAM under NH (O) Project Length 29.8 km (Package 2),National Highways Authority of India,South West Delhi,Delhi,true
2024_NHAI_198776_1,IE Services for Construction of 4 laning Greenfield corridor from Suara (sasaram) at Ch.0.000 to Garhani (at SH-12) at Ch74.432 package-1 of Patna Arrah sasaram corridor of NH-119A in the State of Bihar on HAM Mode (3rd call),National Highways Authority of India,South West Delhi,Delhi,false
2024_NHAI_201400_1,Access Controlled Highway of 4L with Paved Shoulder from Mittimalkapur (DC 23.500) to Deosugur (DC 54.566) in AP/KN Border Raichur KN/TS Border Sec of NH167 in Karnataka on HAM under NH(O) Project Length 31.06 km (Pkg 2),National Highways Authority of India,South West Delhi,Delhi,true
2024_NHAI_199116_1,Construction of 4L of Patna Arrah Sasaram corridor PKG2 Sec 1 Garhani at Ch. Km 73.700 Patar at Ch. Km 84.300 and Sec 2 Greenfield from Sadisopur at Patna Ring Rd NH131G) Ch. Km 0.000 to Asani (at NH319) at Ch Km 35.800 of NH119A in Bihar on HAM Mode,National Highways Authority of India,South West Delhi,Delhi,false
2024_NHAI_202282_1,Construction of Additional Structures Improvement of Service Road and Maintenance of Six Lane Gurgaon-Jaipur Section of NH48 (old NH-8) between km 42.700 to km 107.100 in the States of Haryana on EPC Mode.,National Highways Authority of India,South West Delhi,Delhi,false
2024_NHAI_198389_1,Tolling Operation Maintenance and Transfer of Kanpur Lucknow Ayodhya section and Ayodhya Gorakhpur section of NH 27 in Uttar Pradesh (TOT Bundle 17),National Highways Authority of India,South West Delhi,Delhi,false
2024_NHAI_198393_1,Tolling Operation Maintenance and Transfer of Chandikhol Bhadrak section of NH 16 Panikholi Rimuli Section of NH 20 and Rimuli Koida Section of NH 520 in the state of Odisha (TOT Bundle 18),National Highways Authority of India,South West Delhi,Delhi,false
2024_NHAI_191761_1,"Allocation of additional MMLP Nagpur land at village Parsodi Dorli near Sindhi railway station, Tehsil-Seloo District-Wardha exclusively for Storage facility/value added services on Annual Lease rental basis in the State of Maharashtra.",National Highways Authority of India,South West Delhi,Delhi,false
2024_NHAI_197501_1,"DEVELOPMENT, OPERATION AND MAINTENANCE OF WAREHOUSES ON DIFFERENT SECTIONS OF NATIONAL HIGHWAY ON LEASE BASIS",National Highways Authority of India,South West Delhi,Delhi,false
2024_NHAI_198394_1,Tolling Operation Maintenance and Transfer of Trichy Thanjavur section of NH 83 and Madurai Tuticorin section of NH 38 in Tamil Nadu (TOT Bundle 19),National Highways Authority of India,South West Delhi,Delhi,false
2024_NHAI_190318_1,Construction of 4lane Greenfield Northern Patiala Bypass starting from Km. 274.115 of NH7 near village Wazidpur and terminating at Km. 300.465 of NH7 near village Chamarheri (Total length 27.350 Kms) in Punjab under NH(O) on Hybrid Annuity Mode,National Highways Authority of India,South West Delhi,Delhi,true
2024_NHAI_185819_1,Construction of Flyover at Kawas Patiya at Km14.400 and VUP at Reliance at Km11.220 on NH53 of Surat Hazira section in Gujarat on EPC Mode,National Highways Authority of India,South West Delhi,Delhi,false
2024_NHAI_182516_1,CS for IE Services for Const of 4lane Highway of Armoor Jagtial Mancherial Sec of NH63 from Jagtial(km.93.700)to Mancherial(km. 160.995)(total 67.295 km)under NH(O) on HAM in Telangana,National Highways Authority of India,South West Delhi,Delhi,false
2023_NHAI_179792_1,Tolling Operation Maintenance and Transfer of Four lane Trichy Tovrankurichi Madurai section (from km.0.000 to km 124.840) of NH 38 in the state of Tamil Nadu (TOT Bundle 15) on Toll Operate Transfer (TOT) Mode,National Highways Authority of India,South West Delhi,Delhi,false
2023_NHAI_177203_1,Development Operation and Maintenance of the MMLP Pune at village Pawalewadi Maval Taluka District Pune in Maharashtra through PPP on DBFOT basis,National Highways Authority of India,South West Delhi,Delhi,false
2024_NHAI_180686_1,Additional works to ensure Road Safety for 6-Lane Bengaluru-Mysuru Access Controlled section of NH-275 in Karnataka on Hybrid Annuity Mode (HAM) under NH (O),National Highways Authority of India,South West Delhi,Delhi,true
2023_NHAI_166294_1,Development Operation and MMLP Park MMLP at Sri Satya Sai Anantapur District in Andhra Pradesh through PPP on DBFOT basis.,National Highways Authority of India,South West Delhi,Delhi,false
2023_NHAI_163301_1,Construction of 4 laning Greenfield corridor from Suara (Sasaram) at Ch. 0.000 to Garhani (at SH-12) at Ch 74.432 Package-1 of Patna-Arrah-Sasaram corridor of NH-119A in the State of Bihar on HAM Mode,National Highways Authority of India,South West Delhi,Delhi,false
2022_NHAI_138881_1,CS for IE for 4/6 laning of Marutharoad to Edathanattukara section of NH966 from Km. 0.000 to Km.61.440 (Design Length 61.279 Km) (Civil Package 1 n 2) in Kerala in HAM mode under Bharatmala Pariyojana.,National Highways Authority of India,South West Delhi,Delhi,false
2022_NHAI_131529_1,4 or 6 laning of Karakkunnu to Vazahayoor section of NH 966 from km. 87.930 to km. 113.000 in the State of Kerala on Hybrid Annuity mode under Bharatmala,National Highways Authority of India,South West Delhi,Delhi,false
2022_NHAI_130962_1,4 or 6 lanning of Vazahayoor to Iringaullur section of NH966 (greenfield ICR34) from km.113.000 to km.121.006 in the State of Kerala in HAM mode under Bharatmala,National Highways Authority of India,South West Delhi,Delhi,false
2022_NHAI_132030_1,CS for IE for 4 or 6 laning of Edathanattukara to Iringaullur section of NH966 from Km. 61.440 to Km.121.006 (Design Length 59.566 Km) (Civil Package 3 4 5) in the State of Kerala in HAM mode under Bharatmala Pariyojana.,National Highways Authority of India,South West Delhi,Delhi,false
2022_NHAI_134014_1,RFP for 4/6 laning of Karimba to Edathanattukara section of NH 966 from km.30.720 to km.61.440 in the State of Kerala in HAM mode under Bharatmala Pariyojana.,National Highways Authority of India,South West Delhi,Delhi,false
2022_NHAI_132146_1,4 or 6 laning of Edathanattukara to Karakkunnu section of NH966 from km. 61.440 to km. 87.930 (Package 3) in the State of Kerala on Hybrid Annuity Mode,National Highways Authority of India,South West Delhi,Delhi,false
2022_NHAI_138752_1,4-6 laning of Marutharoad to Karimba section of NH-966 from km. 0.000 to km. 30.720 (Design Length 30.559) in the State of Kerala on Hybrid Annuity Mode under BMP.,National Highways Authority of India,South West Delhi,Delhi,false
2024_NHAI_182519_1,CS for IE Services for Const of 4lane Highway of Armoor Jagtial Mancherial Sec of NH63 from Armoor(km. 29.100) to Jagtial(km.93.700)(total length 64.600km)under NHO on HAM in the state of Telangana,National Highways Authority of India,South West Delhi,Delhi,false
2024_PWD_93257_1,Construction of link road from Jwalapur to Harijan Basti Lal Tappad km. 0/0 to 1/700. (SH-Providing and laying 30 mm thick bituminous concrete in km. 0/460 to 1/460). Under MNP.,PWD,Sirmaur,Himachal Pradesh,true
2024_HPSEB_93214_1,CEO/MC/T No 1/SOP ITBP PONG/2024,HPSEBL,Lahul & Spiti,Himachal Pradesh,false
2024_HPSEB_93211_1,JED 43/2024-25,HPSEBL,Kangra,Himachal Pradesh,true
2024_PWD_93322_1,C/o Link road to village Upper Drabla Km 0/0 to 0/856,PWD,Chamba,Himachal Pradesh,
2024_PWD_93306_1,Construction of Rajol Anuhi Jangal Bagga road km. 0/0 to 1/300 including bridge over Dehar khad,PWD,Kangra,Himachal Pradesh,
2024_PWD_93326_1,C/o Link road from Banikhet to village kanda Harizan Basti km0/0 to 2/650 Under SCSP in Tehsil Dalhousie Distt Chamba HP,PWD,Chamba,Himachal Pradesh,
2024_PWD_93260_2,Replacement of control panel at existing manifold oxygen plant of Shri Lal Bahadur Shastri Govt. Medical College and Hospital Nerchowk District Mandi HP,PWD,Mandi,Himachal Pradesh,
2024_PWD_93260_1,"SITC 1250 KVA, 11 433 50 HZ 3 Phase, Copper wound, Oil cooled distribution transformer as per IS 1180, EEL existing ESS 11 KV panel for supply of power to Tertiary Cancer Care Centre building of Shri Lal Bahadur Shastri Govt. Medical College and Hosp",PWD,Mandi,Himachal Pradesh,
2024_PWD_93252_1,Providing Lift construction work at New Civil Hospital Dharmpur District Mandi HP,PWD,Mandi,Himachal Pradesh,
2024_PWD_93320_1,Restoration of rain damages on Chandigarh Mandi Manali road (Old NH-21) KM 184/600 to 198/050,PWD,Mandi,Himachal Pradesh,
2024_PWD_93258_1,"Repair and maintenance of Chiller No. 2 and 5 in existing HVAC System at Shri Lal Bahadur Shastri Govt. Medical College and Hospital, Nerchowk, District Mandi HP",PWD,Mandi,Himachal Pradesh,
2024_HPSEB_93350_1,"Annual Maintenance of Arboriculture and gardning arrangement of Electrical Division, HPSEBL, Kullu for FY 2024-25",HPSEBL,Kullu,Himachal Pradesh,true
2024_HPIPH_93336_1,Providing Flood Protection Work on River Beas Right Bank at Raison in GP Raison in Tehsil Distt. Kullu H.P. SH CO retaining wall with skin reinforcement along with apron at RD 31620 to 31805 185 Mtrs. JOB,HP Irrigation and Public Health,Kullu,Himachal Pradesh,false
2024_HPIPH_93358_1,Prov. GWSS from Ropni Khad,HP Irrigation and Public Health,Kinnaur,Himachal Pradesh,true
2024_HPIPH_93359_1,"mprovement of LIS Balh Gadiyara Phase - I II in Tehsil Joginder Nagar Distt Mandi HP SH Removal of deposited material from intake Sumpwell, Prov and laying Rising main 200 mm dia MSERW pipe with submersible motor, Repair of pump house, El",HP Irrigation and Public Health,Mandi,Himachal Pradesh,true
2024_HPIPH_93357_1,Restoraton of Rain Damages to LWSS from Kashapat khad to dansa,HP Irrigation and Public Health,Kinnaur,Himachal Pradesh,true
2024_HPIPH_93328_1,Replacement of old pumping machinery of various LWSS under Shahpur Assembly,HP Irrigation and Public Health,Kangra,Himachal Pradesh,false
2024_HPIPH_93341_1,Replacement of old pumping machinery of various LWSS under Shahpur Assembly,HP Irrigation and Public Health,Kangra,Himachal Pradesh,false
2024_HPIPH_93351_1,Providing Flood Protection Work on River Beas Right Bank at 17 Mile in GP Bran in Tehsil Distt Kullu HP,HP Irrigation and Public Health,Kullu,Himachal Pradesh,false
2024_HPIPH_93337_1,Replacement of old pumping machinery of various LWSS under Shahpur Assembly,HP Irrigation and Public Health,Kangra,Himachal Pradesh,false
2024_HPIPH_93367_1,Providing Flood Protection Work on River Beas Right Bank at Patlikuhal in GP Hallan II in Tehsil Manali Distt. Kullu H.P.,HP Irrigation and Public Health,Kullu,Himachal Pradesh,false
2024_HPIPH_93335_1,Replacement of old pumping machinery of various LWSS under Shahpur Assembly,HP Irrigation and Public Health,Kangra,Himachal Pradesh,false
2024_HPIPH_93330_1,Replacement of old pumping machinery of various LWSS under Shahpur Assembly,HP Irrigation and Public Health,Kangra,Himachal Pradesh,false
2024_HPIPH_93340_1,Replacement of old pumping machinery of various LWSS under Shahpur Assembly,HP Irrigation and Public Health,Kangra,Himachal Pradesh,false
2024_HPIPH_93338_1,Replacement of old pumping machinery of various LWSS under Shahpur Assembly,HP Irrigation and Public Health,Kangra,Himachal Pradesh,false
2024_HPIPH_93329_1,Replacement of old pumping machinery of various LWSS under Shahpur Assembly,HP Irrigation and Public Health,Kangra,Himachal Pradesh,false
2024_HPIPH_93144_1,Imp and Aug of WSS to Chowari Town in Tehsil Bhattiyat Distt ChambaH P including trial and testing run period of 03 month after physical completion of all components of the scheme,HP Irrigation and Public Health,Chamba,Himachal Pradesh,true
2024_HPIPH_92979_1,ICT 01 Central Computerized System for Monitoring at Head Quarter Himachal Pradesh Rural Drinking Water Improvement and Livelihood Project,HP Irrigation and Public Health,Mandi,Himachal Pradesh,false
2024_HPIPH_91487_2,Procurement of DI Pipes 2024-2025,HP Irrigation and Public Health,Shimla,Himachal Pradesh,false
2024_HPSEB_93402_1,Comprehensive FMS of IT and Non IT infra at DC and DRC of HPSEBL,HPSEBL,Shimla,Himachal Pradesh,false
2024_HPSEB_93317_1,SED/SP-Tender No-52/2024-25,HPSEBL,Shimla,Himachal Pradesh,true
2024_HPSEB_93374_2,Estimate for E-flow-cum-Fish ladder arrangement of Rana Khad Trench weir site of Uhl Stage-III (100MW),HPSEBL,Mandi,Himachal Pradesh,false
2024_HPSEB_93375_1,06-2024-25,HPSEBL,Solan,Himachal Pradesh,false
2024_HPSEB_93323_1,SED/SP-Tender No-53/2024-25,HPSEBL,Shimla,Himachal Pradesh,true
2024_HPSEB_93388_1,Construction of 01 No. 132 kV Transformer Bay and 33 kV Bays at 132/33 kV HPSEBL sub-station Tahliwal,HPSEBL,Una,Himachal Pradesh,false
2024_HPIPH_93463_1,"Improvement of Source, Rising Mains and distribution system of 7 Nos. T/Wells of haroli Area in Distt. Una (HP)",HP Irrigation and Public Health,Una,Himachal Pradesh,true
2024_HPIPH_93410_1,C/O of Irrigation Scheme from existing RWHS in village Boul and C/O RWHS Mao Khas in GP Mao Minar in Tehsil Bangana Distt Una (HP),HP Irrigation and Public Health,Una,Himachal Pradesh,false
2024_HPIPH_93415_1,Construction of FIS Kathul Kuhl in GP Ramehar in Tehsil Nagrota Bagwan,HP Irrigation and Public Health,Kangra,Himachal Pradesh,false
2024_HPIPH_93461_1,Construction of Separate Water supply Schemes for Dulehar and Bhulgarh Area of Village Bhadsali of Haroli Constituency in Distt. Una (HP) Under NABARD-XXIX,HP Irrigation and Public Health,Una,Himachal Pradesh,true
2024_PWD_93407_1,Metalling and Tarring on link road from Devnagar to Moolbari road km. 0/00 to 1/200,PWD,Shimla,Himachal Pradesh,true
2024_PWD_93414_1,Landslide of Dudal Ki Pukhar Chudawali Nalinal Kalyanghatti road K. 0/0 to 9/0 in Tehsil Arki Distt. Solan,PWD,Solan,Himachal Pradesh,false
2024_PWD_93452_1,"Construction of Link road from Kandi Sundrari to Chandpurdhar road KM 0/0 to 8/00,) ( SH - Construction of 5/7 Mtrs wide road from Km 1/900 to 4/00. ). Under MMGSY",PWD,Sirmaur,Himachal Pradesh,false
2024_PWD_93434_1,"Construction of PHC Level-II at Kamrau, Tehsil Kamrau, District Sirmour ( HP )",PWD,Sirmaur,Himachal Pradesh,false
2024_PWD_93458_1,Special Repair Rest House building at Kamrau Under Kamrau sub Division (SH- Repair of plaster patches and tile work and providing painting distempering etc. ),PWD,Sirmaur,Himachal Pradesh,false
2024_PWD_93411_4,C/O Culvert on Ropa Valley road at RD. 15/700 (SH- C/O 6.00 Mtr. Span Slab Culvert at RD. 15/700,PWD,Kinnaur,Himachal Pradesh,true
2024_PWD_93424_1,Construction of Aadarsh Gram Sukh Aashray Parisar / Complex at Jawalamukhi ( Luthan) Tehsil Jawalamukhi Distt. Kangra HP,PWD,Kangra,Himachal Pradesh,true
2024_PWD_93425_1,C/o Surajpur Bhumti Road km 0/000 to 18/000,PWD,Solan,Himachal Pradesh,false
2024_PWD_93442_1,Construction of Combined Office Building at Sandhole in Tehsil Sandhole District Mandi H.P.,PWD,Mandi,Himachal Pradesh,true
2024_PWD_93411_2,"Special repair to District and Session Court Building at Reckong Peo in District Kinnaur HP (SH- Painting and Distempering, Extension of roof and minor repair work thereof",PWD,Kinnaur,Himachal Pradesh,true
2024_PWD_93344_1,Periodical Maintenance on Moviseri to Dalikar road(L-061)(SH P/L renewal coat using 25 mm thick Bituminious concrete surfacing in km . 0/00 to 12/00 i/c five year maintenance under Performance incentive).,PWD,Mandi,Himachal Pradesh,false
2024_PWD_93411_3,C/O Play Ground at Labrang in District Kinnaur HP (SH- C/O RCC Cantilever R/wall,PWD,Kinnaur,Himachal Pradesh,true
2024_PWD_93411_1,C/O 2 Nos. Toilet at ITI Reckong Peo in District Kinnaur (HP) (SH- C/O Building portion and WS and SI thereof),PWD,Kinnaur,Himachal Pradesh,true
2024_PWD_93409_1,A/R and M/O Nerchowk Pandoh bypass road Section of NH-21 km 198/145 to 203/500,PWD,Mandi,Himachal Pradesh,false
2024_HPSEB_93451_1,Tender for Construction of 5/7 mtr. Wide approach Road to 220/66/22 KV Substation at Kotla behind gantry yard of HPPTCL (RD 0/0 to 70 mtr.) from Ghanvi P/H Divisional store up to Sustation gate of 220KV Yard Kotla under ES Division HPSEBL Kotla.,HPSEBL,Kinnaur,Himachal Pradesh,false
2024_HPSEB_93456_1,HPSEBL/TED/JOB-33/2024-25,HPSEBL,Mandi,Himachal Pradesh,true
2024_HPSEB_93465_1,AMD/2024-25-031,HPSEBL,Mandi,Himachal Pradesh,true
2024_HPSEB_93459_1,HPSEBL/TED/JOB-34/2024-25,HPSEBL,Mandi,Himachal Pradesh,true
2024_HPSEB_93450_1,67.2024-25,HPSEBL,Mandi,Himachal Pradesh,true
2024_HPSEB_93455_1,HPSEBL/TED/JOB-32/2024-25,HPSEBL,Mandi,Himachal Pradesh,true
2024_HPSEB_93460_1,HPSEBL/TED/JOB-35/2024-25,HPSEBL,Mandi,Himachal Pradesh,true
2024_HPSEB_93462_1,HPSEBL/TED/JOB-36/2024-25,HPSEBL,Mandi,Himachal Pradesh,true
2024_HPSEB_93464_1,2024-25-030,HPSEBL,Mandi,Himachal Pradesh,true
2024_HPSEB_93447_1,"Tender for providing SOP to HP-Crop Diversification promotion Project (JICA-ODA) BPMU Mandi for farming community of Kasarla village by prov. 63 KVA ,11/0.4 KV S/Stn a/w reorganisation of LT line in Electrical Section Ratti-1st under ESD ,HPSEB,Ltd.",HPSEBL,Mandi,Himachal Pradesh,true
2024_HPSEB_93430_1,Tender for Re- earthing of various existing substation in (E) Section Mahadev under ESD Sundernagar,HPSEBL,Mandi,Himachal Pradesh,true
2024_HPSEB_93445_1,"Tender for Shifting of 63 kva ,22/0.4 kv s/Stn from the plot of Sh. Roshan Lal Chauhan r/o village Serad PO Sainji under ESD Sundernagar",HPSEBL,Mandi,Himachal Pradesh,true
2024_HPSEB_93438_1,"Tender for providing new G.O Switches at various Sub- Station ( E) section Behli, rohanda, Nihri-II Kamharu Under ESD , HPSEB,Ltd. Nihri",HPSEBL,Mandi,Himachal Pradesh,true
2024_HPSEB_93436_1,"Tender for replacement of 3 Phase LT line bare conductore with AB Cable from 250 KVA , 22/0.4 KV Transformer Mahadev Store in (E) section Mahadev under ESD HPSEBL Sundernagar.",HPSEBL,Mandi,Himachal Pradesh,true
2024_HPSEB_93443_1,"Tender for providing R/R of G.O Switches on 22 KV Chalkhi Feeder at Various Sub Station in ( E) section Kanid Under ESSSD , HPSEB,Ltd. Sundernagar",HPSEBL,Mandi,Himachal Pradesh,true
2024_HPSEB_93427_1,"Tender for prov. LT Extension to leftout houses from various DTR,s in village Jamthal deola Chhamb nehar and bahot Kashol in ( E) section Slapper -IInd Under ESD , HPSEB,Ltd. Slapper",HPSEBL,Mandi,Himachal Pradesh,true
2024_HPSEB_93433_1,Tender for Re- earthing of various existing substation in (E) Section Jaidevi under ESD HPSEBL Sundernagar,HPSEBL,Mandi,Himachal Pradesh,true
2024_HPSEB_93429_1,"Tender for prov. LT Extension to leftout houses from various Sub station in ( E) section Dehar Under ESD , HPSEB,Ltd. Slapper",HPSEBL,Mandi,Himachal Pradesh,true
2024_HPSEB_93440_1,"Tender for providing new G.O Switches at various tapping pointa of 11KV S-1 S-II feeder ( E) section local-IInd Under ESD , HPSEB,Ltd. Sundernagar",HPSEBL,Mandi,Himachal Pradesh,true
2024_HPSEB_93376_1,CEO/MM/Ltd. Tender/ No. 128(Snow Kit)/2024-25,HPSEBL,Shimla,Himachal Pradesh,true
2024_HPSEB_93379_1,CEO/MM/Ltd. Tender/ No. 129(Snow Kit)/2024-25,HPSEBL,Shimla,Himachal Pradesh,true
2024_HPSEB_93373_1,CEO/MM/Ltd. Tender/ No. 127(Snow Kit)/2024-25,HPSEBL,Shimla,Himachal Pradesh,true
2024_HPSEB_93383_1,CEO/MM/Ltd. Tender/ No. 130 (LT Panel 630 KVA)/2024-25,HPSEBL,Shimla,Himachal Pradesh,true
2024_HPSEB_93417_1,CEKZ-KAN-C-08/2024-25,HPSEBL,Kangra,Himachal Pradesh,true
2024_HPSEB_93412_1,CEKZ-DAL-C-07/2024-25,HPSEBL,Kangra,Himachal Pradesh,true
2024_HPSEB_93380_1,Tender for augmentation of existing 100 kVA sub station Mangla III to 250 kVA along with erection of new LT feeder from augmented sub station in section Khajjiar under Chamba No II,HPSEBL,Chamba,Himachal Pradesh,false
2024_HPSEB_93449_1,Tender for restoration of burnt AB cable HT line with XLPE cable to existing 63 kva 11/0.4 kv S/Stn HPPWD complex in (E) Section Local-II under ESD Sundernagar,HPSEBL,Mandi,Himachal Pradesh,true
2024_HPSEB_93384_1,Tender for repair of existing wiring along with electrical installation in the office building of ED HPSEBL Chamba and ESD HPSEBL Chamba No II under ED Chamba,HPSEBL,Chamba,Himachal Pradesh,false
2024_HPSEB_93439_1,"Tender for providing G.O Switches/ Replacement of old defective G.O Switches at various tapping point Transformers( E) section Slapper -IInd Under ESD , HPSEB,Ltd. Slapper",HPSEBL,Mandi,Himachal Pradesh,true
2024_HPSEB_93378_1,Tender for augmentation of existing 11/0.4 kV 100 kVA s/stn Khushnagri to 250 kVA in section Tissa II under ESD Tissa,HPSEBL,Chamba,Himachal Pradesh,false
2024_HPSEB_93362_1,Tender for shifting of existing 11 kV HT line near Power House site in section nakrod under ESD Tissa,HPSEBL,Chamba,Himachal Pradesh,false
2024_CPD1_93435_1,C/o Secondary WHS Community Water Storage Tank at Village Haleen i/c feeding pipes from Tank to Tank GP Rod under APO Thunag DPO IDP Mandi during the year 2024-25,Chief Project Director IDP Solan,Mandi,Himachal Pradesh,false
2024_CPD1_93428_1,C/o Secondary WHS at Badhuni i/c feeding pipes from Natural Source GP Thunag under APO Thunag,Chief Project Director IDP Solan,Mandi,Himachal Pradesh,false
2024_CPD1_93421_1,C/o Secondary WHS Community Water Storage Tank at Chaper i/c feeding pipes from Natural Source Hani Nallah GP Rod under APO Thunag DPO IDP Mandi during the year 2024-25,Chief Project Director IDP Solan,Mandi,Himachal Pradesh,false
2024_CPD1_93432_1,C/o Secondary WHS Community Water Storage Tank at Suragi Ward No.-III i/c feeding pipes from Natural Source GP Thunag under APO Thunag DPO IDP Mandi during the year 2024-25,Chief Project Director IDP Solan,Mandi,Himachal Pradesh,false
2024_PWD_93400_1,Construction of Kujabalh Bhadher Devgarh road,PWD,Mandi,Himachal Pradesh,false
2024_PWD_93494_1,C/O link road to village Mundru in Km. 0/00 to 2/425,PWD,Solan,Himachal Pradesh,true
2024_PWD_93491_1,C/O link road Khad Samtehan Neem Bala Baba Mandir.,PWD,Bilaspur (HP),Himachal Pradesh,true
2024_PWD_93490_1,C/O link road Shilora Khurad to Shillu Kalan to Mohal Naryal in Km. 0/00 to 7/800,PWD,Solan,Himachal Pradesh,true
2024_PWD_93483_1,RR damages to Parwanoo Kasauli Dharampur Subathu Solan road in Km 0/00 to 58/320,PWD,Solan,Himachal Pradesh,true
2024_PWD_93391_1,Construction of Link road to Village Karola km. 0.0 to 1.650 GP Bharouri,PWD,Mandi,Himachal Pradesh,false
2024_PWD_93398_1,Construction of Link Road Padhar Katheali Hukkal km. 0.0 to 3.0,PWD,Mandi,Himachal Pradesh,false
2024_PWD_93396_1,Construction of Kaloga Chanehar Kumakhar Lower Morla,PWD,Mandi,Himachal Pradesh,false
2024_PWD_93397_1,Construction of Thaplehra to Baroti via Rakhera Lavanpur road. Km 0.00 to 2.00,PWD,Mandi,Himachal Pradesh,false
2024_HPSEB_93484_1,Supply of Kit Kat 400 Amps for ED Kullu in Operation Circle Kullu under M.Zone HPSEBL Mandi H.P.,HPSEBL,Mandi,Himachal Pradesh,false
2024_HPSEB_93499_1,Supply of Stay Clamps for ED Kullu in Operation Circle Kullu under M.Zone HPSEBL Mandi H.P.,HPSEBL,Mandi,Himachal Pradesh,false
2024_HPSEB_93498_1,Supply of LT Distribution Panel box for 250 KVA for ED Kullu in Operation Circle Kullu under M.Zone HPSEBL Mandi H.P.,HPSEBL,Mandi,Himachal Pradesh,false
2024_HPSEB_93495_1,Supply of LT Distribution Panel box for 100 KVA for ED Kullu in Operation Circle Kullu under M.Zone HPSEBL Mandi H.P.,HPSEBL,Mandi,Himachal Pradesh,false
2024_HPSEB_93489_1,Supply of Kit Kat 300 Amps for ED Kullu in Operation Circle Kullu under M.Zone HPSEBL Mandi H.P.,HPSEBL,Mandi,Himachal Pradesh,false
2024_HPSEB_93492_1,Supply of Polycarbonate seals JEs Amps for ED Mandi in Operation Circle Mandi under M.Zone HPSEBL Mandi H.P.,HPSEBL,Mandi,Himachal Pradesh,false
2024_HPSEB_93477_1,Supply of LT Distribution Panel box for 400 KVA for ED Kullu in Operation Circle Kullu under M.Zone HPSEBL Mandi H.P.,HPSEBL,Mandi,Himachal Pradesh,false
2024_HPSEB_93431_1,CEO/MM/Ltd. Tender/ No. 133(Snow Kit)/2024-25,HPSEBL,Shimla,Himachal Pradesh,false
2024_HPSEB_93481_1,Supply of Kit Kat 500 Amps for ED Kullu in Operation Circle Kullu under M.Zone HPSEBL Mandi H.P.,HPSEBL,Mandi,Himachal Pradesh,false
2024_HPSEB_93446_1,JED 39/2024-25,HPSEBL,Kangra,Himachal Pradesh,false
2024_HPSEB_93453_1,JED 40/2024-25,HPSEBL,Kangra,Himachal Pradesh,false
2024_HPSEB_90989_1,"Procurement of 01 No. 220/33 kV 50/63 MVA 3-Phase Power Transformer for 220 kV Sub-station, HPSEBL, Jassure",HPSEBL,Kangra,Himachal Pradesh,false
2024_HPSEB_93422_1,CEO/MM/Ltd. Tender/ No. 131(Snow Kit)/2024-25,HPSEBL,Shimla,Himachal Pradesh,false
2024_HPSEB_93426_1,CEO/MM/Ltd. Tender/ No. 132(Snow Kit)/2024-25,HPSEBL,Shimla,Himachal Pradesh,false
2024_HPSEB_93457_1,JED 43/2024-25,HPSEBL,Kangra,Himachal Pradesh,false
2024_HPIPH_93466_1,Construction of Rain Water harvesting structure to recharge of various WSS/LIS in Nurpur constituency in Tehsil Nurpur District Kangra HP,HP Irrigation and Public Health,Kangra,Himachal Pradesh,false
2024_HPIPH_93441_1,Augmentation and Improvement of vairious LIS in GP KalaAmb Tehsil Nahan District Sirmour HP,HP Irrigation and Public Health,Sirmaur,Himachal Pradesh,true
2024_PWD_93532_1,CO of link road upper Darb to lower Darb Km. 0/0 to 1/100 SH Co 3.00 mtr Span RCC slab culvert at RD 0110 under OTMNP,PWD,Kangra,Himachal Pradesh,false
2024_PWD_93535_1,Co link road from Kaloha to Kakad Badh Harizan Basti Km. 00 to 1000 SH ROFD in Km. 0645 to 0870 Co solid causeway at RD 0247 to 0260 0400 to 0410 and Co 900mm dia hume pipe culvert at RD 0 640 under MMGSY,PWD,Kangra,Himachal Pradesh,false
2024_PWD_93537_1,Co Barnali to upper Nari via Lower Nari road Km. 0 0 to 3 600 SH Co Cement concrete pavement at RD 1 062 to 1 246 under OTMNP,PWD,Kangra,Himachal Pradesh,false
2024_PWD_93543_1,CO of link road upper Darb to lower Darb Km 00 to 1 100 SH Formation cutting 5 7 mtr. wide between Km. 00 to 1 100 and PF boundary pillar and Co Rwall at various RDs,PWD,Kangra,Himachal Pradesh,false
2024_PWD_93418_1,Construction of CHC building at Tikker Sub Tehsil Tikker District Shimla SH Providing EI therien.,PWD,Shimla,Himachal Pradesh,false
2024_PWD_93419_1,Construction Govt. Sr. Sec. School Pujarli No. 4 Tehsil Tikker District Shimla. SH Providing E.I. therein.,PWD,Shimla,Himachal Pradesh,false
2024_PWD_93413_1,Providing staff for running of electrical enquiry in Cancer Hospital Chemotherapy building medical college Auditorium building and associated surrounding area at IGMC Hospital Shimla. .w.e.f. 01.10.2024 to 30.09.2025,PWD,Shimla,Himachal Pradesh,false
2024_PWD_93420_1,Construction of Govt. Sr. Sec. School Sharontha Sub Tehsil Tikker District Shimla. SH providing E.I. therein.,PWD,Shimla,Himachal Pradesh,false
2024_PWD_93526_1,Construction of link from main road to Bariyal Bhedd Behar in Jaswan Pragpur Constituency Km. 00 to 20 SH Co Rwall at various RDs between Km. 00 to 1 0 under SCDP,PWD,Kangra,Himachal Pradesh,false
2024_PWD_93546_1,Restoration of rain damages on Bharwain Chintpurni Kandrori Damtal road Km 15 310 to 32 560 SH C o R wall at RD 25 010 to 25 020 RD 25 600 to 25 610 RD 15 800 to 15 812 and 17 900 to 17 910,PWD,Kangra,Himachal Pradesh,false
2024_PWD_93523_1,CO Link Road from Primary School to upper Kuru Km 00 to 1200 SH Construction of Cement concrete pavement from RD 0100 to 0200 under OTMNP,PWD,Kangra,Himachal Pradesh,false
2024_PWD_93542_1,"Construction of Veterinary Dispensary at Kee, Distt Lahaul Spiti H.P.",PWD,Lahul & Spiti,Himachal Pradesh,false
2024_PWD_93539_1,Annual Maintenance Plan for the year 2024-25 on Kiato Chhicham Kibber Road From Chicham to Kibber km 0.00 to 5.065,PWD,Lahul & Spiti,Himachal Pradesh,false
2024_PWD_93474_1,Co link road from main road Jhijjar to Magru via Sihoti Km 00 to 4500 SH Co Rwall at various RDs between Km 0300 TO 2300 under SCDP,PWD,Kangra,Himachal Pradesh,false
2024_PWD_93548_1,Construction of link road Harizan Basti Kaniyarka,PWD,Chamba,Himachal Pradesh,true
2024_PWD_93555_1,Construction of link road from Dhalog to Samleta road Km 0-0 to 4-500,PWD,Chamba,Himachal Pradesh,true
2024_PWD_93506_1,Balance work of Up gradation of Shongthong Barang Road from Km 0.0 to 5.00. Sub Head. C.O R.wall. Cross Drain. P.L WBM G.I. G.II and G.III. P.L Bitumen. Concrete V. Shape Drain. Essential parapets. P.F Logo Sign Board etc. Under NABARD RIDF X,PWD,Kinnaur,Himachal Pradesh,true
2024_PWD_93508_2,A.R . M.O on Ponda Bari road Km 0.00 to 5.200. Sub Head. Repair of Pot holes between Km 0.00 to 4.4500.,PWD,Kinnaur,Himachal Pradesh,true
2024_PWD_93508_1,R.R damages on link road from Nigulsari to Tranda Km 0.00 to 5.550 Sub Head. C.O R.wall at RD 4.330 to 4.342.,PWD,Kinnaur,Himachal Pradesh,true
2024_PWD_93506_2,Periodical Maintenance of Urni to Miroo Rangle road Village Road under Annual Maintenance Plan for the year 2024.25 Sub Head. Providing and laying 20 mm thick Premix carpet with seal coat including profile correction by providing and laying G.III 53m,PWD,Kinnaur,Himachal Pradesh,true
2024_PWD_93527_1,A.R and M.O NPB road Km. 0.000 to 22.300 under MMGSY,PWD,Shimla,Himachal Pradesh,false
2024_PWD_93468_1,MT of various portion of Chintpurni Talwara road SH PL GSB Metalling Tarring in extended width between Km 160 to 180 Deposit work,PWD,Kangra,Himachal Pradesh,false
2024_PWD_93416_1,Construction of 3 No. Type II residential Qtrs. for the staff of Deputy Commissioner office Reckong Peo District Kinnaur. SH Providing electrical installation therein.,PWD,Kinnaur,Himachal Pradesh,false
2024_PWD_93472_2,CO of link road from Sunhet Nangal to Jabbar to seul Km 00 to 1250 SH PL GSB GII GIII and Premix carpet with seal coat in Km 00 to 0500 under OTMNP,PWD,Kangra,Himachal Pradesh,false
2024_PWD_93386_1,"Providing manpower for running an operation of 2 Nos. 100 KVA and 1 No. 50 KVA Diesel Generator sets, attending electrical complaints and maintenance work in Govt. Regional Hospital Reckong Peo District Kinnaur for the year 2024-25 w.e.f. 01.10.2024",PWD,Kinnaur,Himachal Pradesh,false
2024_PWD_93502_1,Up-gradation of Haripur to Sakri Ghera road km 30/000 to 34/000 in District Kangra (HP),PWD,Kangra,Himachal Pradesh,false
2024_PWD_93501_1,WORK Construction of 58 20 meter span steel truss bridge over Sundru Khad to Connect village Janglikh at RD 0 980 SH C o Sub structure super structure approach road hill scope protection soil investigation preparation and approved of Drawi,PWD,Shimla,Himachal Pradesh,false
2024_PWD_93480_1,Construction of Salwala Sataun road km 0/0 to 9/610 under NABARD RIDF-XXIX,PWD,Sirmaur,Himachal Pradesh,false
2024_PWD_93478_1,Providing and laying Annual Surfacing (Periodic Maintenance) on Amb Ghatta Tihri road km-0/000 to 10/000 of PMGSY roads Performance Incentive 2024-25 in the State of HP,PWD,Kangra,Himachal Pradesh,false
2024_PWD_93467_1,Construction of link from main road to Bariyal Bhedd Behar in Jaswan Pragpur Constituency Km 00 to 20 SH Formation cutting between Km. 0540 to 1675 under SCDP,PWD,Kangra,Himachal Pradesh,false
2024_PWD_93470_1,"Co link road from Maseh Khad to Kurial Khera Harzan Basti Jatoli Khatran Jatoli Chakban, GP Kaulapur Block Pragpur Km 00 to 5500 SH Co Rwall Bwall at various RDs between Km 0400 to 20 under SCDP",PWD,Kangra,Himachal Pradesh,false
2024_HPSEB_93549_1,13/2024-25,HPSEBL,Mandi,Himachal Pradesh,false
2024_HPSEB_93557_1,14/2024-25,HPSEBL,Mandi,Himachal Pradesh,false
2024_HPSEB_93582_1,22/2024-25,HPSEBL,Mandi,Himachal Pradesh,false
2024_HPSEB_93574_1,19/2024-25,HPSEBL,Mandi,Himachal Pradesh,false
2024_HPSEB_93580_1,21/2024-25,HPSEBL,Mandi,Himachal Pradesh,false
2024_HPSEB_93568_1,17/2024-25,HPSEBL,Mandi,Himachal Pradesh,false
2024_HPSEB_93563_1,16/2024-25,HPSEBL,Mandi,Himachal Pradesh,false
2024_HPSEB_93578_1,20/2024-25,HPSEBL,Mandi,Himachal Pradesh,false
2024_HPSEB_93565_1,Tender for LT extension to LOH village Bagani from existing 63KVA DTR Pradi LT extension to LOH from 63KVA DTR Ragin and 25KVA DTR Kukari under ESD HPSEBL Katrain on Turnkey Basis,HPSEBL,Kullu,Himachal Pradesh,true
2024_HPSEB_93525_1,CEKZ-KGR-10/2024-25,HPSEBL,Kangra,Himachal Pradesh,false
2024_HPSEB_93554_1,"Tender for LT extension to LOH village Baragran from existing 25KVA Chhani Village Ropa from existing 250KVA DTR Shirar under ESD, HPSEBL Katrain on Turnkey Basis",HPSEBL,Kullu,Himachal Pradesh,true
2024_HPSEB_93448_1,CEO/MM/Ltd. Tender/ No. 135(Snow Kit)/2024-25,HPSEBL,Shimla,Himachal Pradesh,false
2024_HPSEB_93454_1,CEO/MM/Ltd. Tender/ No. 136(Snow Kit)/2024-25,HPSEBL,Shimla,Himachal Pradesh,false
2024_HPSEB_93437_1,CEO/MM/Ltd. Tender/ No. 134(Snow Kit)/2024-25,HPSEBL,Shimla,Himachal Pradesh,false
2024_HPSEB_93515_1,"Est for prov 630 KVA 11 0.433 KV substation by construction of 11 KV HT line and reorganization of 3 phase LT line at Joshi Hardware under E Section under CESD Boileauganj under City Electrical Division, HPSEBL, Shimla",HPSEBL,Shimla,Himachal Pradesh,false
2024_HPSEB_93570_1,18/2024-25,HPSEBL,Mandi,Himachal Pradesh,false
2024_HPSEB_93519_1,ES-SOL-10-2024-25,HPSEBL,Solan,Himachal Pradesh,false
2024_HPSEB_93513_1,AMD-2024-25-026,HPSEBL,Mandi,Himachal Pradesh,false
2024_HPSEB_93486_1,"Construction of 25 KVA, 11/0.4KV S/Stn a/w 11 KV HT and 3-Ph LT line to provide SOP to Lift Irrigation Scheme JICA Kharwar on Partial turnkey basis under ESD HPSEBL Bhota. ED Barsar",HPSEBL,Hamirpur(HP),Himachal Pradesh,true
2024_HPSEB_93559_1,15/2024-25,HPSEBL,Mandi,Himachal Pradesh,false
2024_HPSEB_93511_1,ES-SOL-09-2024-25,HPSEBL,Solan,Himachal Pradesh,false
2024_HPSEB_93518_1,"Est for prov 400 KVA Transformer , 11 0.433 KV sstn by construction of 11 KV HT line and reorganization of LT line at Old MLA quarter near HPPTCL in E Section VRL under CESD Boileauganj under City Electrical Division, HPSEBL, Shimla.",HPSEBL,Shimla,Himachal Pradesh,false
2024_HPSEB_93521_1,"Est for installation of new 400 KVA Transformer , 11 0.433 KV substation by construction of 11 KV HT line at Boileauganj Chowk in E Section Summer Hill under ESD Boileauganj, under City Electrical Division, HPSEBL, Shimla",HPSEBL,Shimla,Himachal Pradesh,false
2024_HPSEB_93482_1,"Construction of 400 KVA, 11/0.4KV S/Stn to provide SOP to LWSS Harsour on Partial turnkey basis under ESD HPSEBL Barsar. ED Barsar",HPSEBL,Hamirpur(HP),Himachal Pradesh,true
2024_HPIPH_93583_1,Const Khara Nallah at ward No 4 and 5,HP Irrigation and Public Health,Kangra,Himachal Pradesh,false
2024_HPIPH_93562_1,MGMSC Hospital,HP Irrigation and Public Health,Shimla,Himachal Pradesh,false
2024_HPIPH_93516_1,Providing manpower for supplying for watch and ward of LWSS Totu Majthai inTehsil-Shimla Distt. Shimla H.P,HP Irrigation and Public Health,Shimla,Himachal Pradesh,false
2024_HPIPH_93524_1,Providing manpower for supplying and watch - ward of LWSS Dhamoon Tehsil and Distt Shimla HP,HP Irrigation and Public Health,Shimla,Himachal Pradesh,false
2024_HPIPH_93530_1,Providing Sewerage system to Himuda colony at upper dakolar in Tehsil Rampur HP,HP Irrigation and Public Health,Kinnaur,Himachal Pradesh,false
2024_HPIPH_93534_1,Providing manpower for supplying and watch ward of LWSS Panihana Challahat stage 1st 2nd Tehsil and Distt Shimla HP,HP Irrigation and Public Health,Shimla,Himachal Pradesh,false
2024_HPIPH_93520_1,Providing manpower for supplying and watch ward of LWSS Sangti in GP Sangti Tehsil and Distt Shimla HP,HP Irrigation and Public Health,Shimla,Himachal Pradesh,false
2024_HPIPH_93602_1,Remodeling Extension of FIS Paura Kothi in GP Paura Kothi Tehsil Nihri District Mandi HP,HP Irrigation and Public Health,Mandi,Himachal Pradesh,false
2024_HPSEB_93541_1,CEO/MM/Ltd. Tender/ No. 138(Snow Kit)/2024-25,HPSEBL,Shimla,Himachal Pradesh,false
2024_HPSEB_93596_1,"Tender for conversion of overhead 11 KV HT line with 11 KV AB Cable XLPE Cable at near PHC Jahalma in (E) section Shansha under ESD, HPSEBL, Udaipur.",HPSEBL,Lahul & Spiti,Himachal Pradesh,false
2024_HPSEB_93592_1,HPSEBL/RE/ GPHDG/DB-20/17/2024-25,HPSEBL,Kangra,Himachal Pradesh,false
2024_HPSEB_93598_1,Construction of 22 kv Control Point Kuprinallah under ESD Kiari,HPSEBL,Shimla,Himachal Pradesh,false
2024_HPSEB_93590_2,"Construction of Septic Tank, Removing mulba, providing Retaining wall at the Back side of the building, repair and maintenance of Type I II quarters at Longwood.",HPSEBL,Shimla,Himachal Pradesh,false
2024_HPSEB_93625_1,Estimate for System Improvement of LWSS Tullah In Electrcial Section Langna UESD HPSEBL Makriri under ED Joginder Nagar,HPSEBL,Mandi,Himachal Pradesh,false
2024_HPSEB_93536_1,CEO/MM/Ltd. Tender/ No. 137(Snow Kit)/2024-25,HPSEBL,Shimla,Himachal Pradesh,false
2024_HPSEB_93567_1,CEO/MM/Ltd. Tender/ No. 139(Snow Kit)/2024-25,HPSEBL,Shimla,Himachal Pradesh,false
2024_HPSEB_93620_1,Estimate for construction of proposed 63 KVA 11 04 KV S Stn Dugh New 11 KV HT Line and Re Organisation of LT line in E Section Makriri under Electrical Sub Division HPSEBL Makriri under ED Joginder Nagar,HPSEBL,Mandi,Himachal Pradesh,false
2024_PWD_93636_2,Construction of badminton court and volley ball court at Govt. Degree College Salooni District Chamba HP.,PWD,Chamba,Himachal Pradesh,false
2024_PWD_93616_1,"Construction of Veterinary Dispensary at Lahashani, Tehsil Bhunter District Kullu (HP) SH C/O building portion, WS and SI Septic tank and site development.",PWD,Kullu,Himachal Pradesh,false
2024_PWD_93638_1,MT on link road from Lari to Guruku at Km. 0.000 to 01.700,PWD,Lahul & Spiti,Himachal Pradesh,false
2024_PWD_93586_1,R/O rain/snow damages and damage caused due to laying of sewerage pipe by Jal Shakti Vibhag on Bus Stand to Heliped road KM. 0/0 to 2/260,PWD,Chamba,Himachal Pradesh,false
2024_PWD_93615_1,C/O Shishamati Bye pass road Km. 0/0 to 0/850 SH P/L Bituminous Macadam and 25mm Bituminous concrete in Km. 0/0 to 0/850.,PWD,Kullu,Himachal Pradesh,false
2024_PWD_93636_1,Improvement of black spot on Bathri Sundla Langera J and K boundary road K.M. 13/130 to 28/0,PWD,Chamba,Himachal Pradesh,false
2024_PWD_93628_5,C/O link road Jhamad Harizan Basti Barri.,PWD,Bilaspur (HP),Himachal Pradesh,false
2024_PWD_93628_4,C/O Toilet block in GSSS Chandpur Distt. Bilaspur,PWD,Bilaspur (HP),Himachal Pradesh,false
2024_PWD_93636_3,Construction of link road to village Bani K.M. 0/0 to 2/240,PWD,Chamba,Himachal Pradesh,false
2024_PWD_93628_2,c/o Wooden gate of Baba Nahar Singh Temple Bilaspur,PWD,Bilaspur (HP),Himachal Pradesh,false
2024_PWD_93630_1,"C/O food bridge over Gambrola Khad G.P Badhokhari ( SH Preparation of Hydraulic data, geo tech investigation and Preparation of GAD Structural design of sub structure and super structure and Preparation of estimate and DNIT).",PWD,Solan,Himachal Pradesh,false
2024_PWD_93628_1,Periodial maintenance and protection on CMM Road.,PWD,Bilaspur (HP),Himachal Pradesh,false
2024_PWD_93626_1,M/T Rowkhan to katlu Bissian chamaran km 0/0 to 8/00 (Under NABARD) (SH Preparation of Detailted project report from 0/0 to 8/00).,PWD,Solan,Himachal Pradesh,false
2024_PWD_93617_1,R/R and R/D on sai Bawasani road in km 16/00 to 20/200 (SH C/O B/wall in km 19/700 to 19/760) near AHC Sai).,PWD,Solan,Himachal Pradesh,false
2024_PWD_93609_1,C/O link road to Jukhadi in km 0/0 to 1/760 (SH P/L 900 mm Dia damages HPC at RD 0/060 to 0/320) under MNP,PWD,Solan,Himachal Pradesh,false
2024_PWD_93612_1,C/O link road Jabal Gambrola pul to Ghat Dochi Kakardochi road in km 0/0 to 5/700 (SH ROFD work in km 2/500 to 3/500 and P/L Gr-I in km 0/100 to 0/600) Under MNP,PWD,Solan,Himachal Pradesh,false
2024_PWD_93606_1,Periodical Renewal maintenance of Brahman majra road in km 1/00 to 1/660 (SH P/L Gr-III and MSS in km 1/00 to 1/660 (HP1103 VR016249102),PWD,Solan,Himachal Pradesh,false
2024_PWD_93604_1,A/R and M/O Barotiwala Gunai road in km 0/0 to 3/765 (SH P/L Patch work etc).,PWD,Solan,Himachal Pradesh,false
2024_PWD_93613_1,C/O link road Datla to Chandel gaon Khobal GP Badokhar km 0/0 to 0/750 (SH P/L Gr-I at Km 0/0 to 0/500 and R/wall at Km 0/300 to 0/304.5) Under MNP,PWD,Solan,Himachal Pradesh,false
2024_PWD_93601_1,R/R damages to link road Abrni to souri road in km 0/0 to 2/500 (SH P/L wire Crates wall at RD 1/680 to 1/706).,PWD,Solan,Himachal Pradesh,false
2024_PWD_93552_1,Post DLP Maintenance of Bathu Dispensary Jalera road Km 00 to 3 150 L 092 Package No HP 04 153 SH Periodic renewal with 25mm thick bituminous concrete and five year routine maintenance in Km 0 0 to 3 150 under PMGSY Performance Incentive 2024 25,PWD,Kangra,Himachal Pradesh,false
2024_PWD_93588_3,A/R and M/O Sultanpur Diversion road Km. 0/0 to 1/250 (SH Construction of PCC U-shape Drain at RD 0/0 to 0/185),PWD,Chamba,Himachal Pradesh,false
2024_PWD_93628_3,C/O residential type-IV departmental quarter of State Vigilance and ACB in Changer Sector Bilaspur,PWD,Bilaspur (HP),Himachal Pradesh,false
2024_PWD_93588_2,Restoration of Rain Damages on Chamba Tissa road Km. 0/0 to 5/500(SH Construction of PCC B/wall at RD 2/180 to 2/210),PWD,Chamba,Himachal Pradesh,false
2024_PWD_93587_1,R/O rain/snow damages and damage caused due to laying of sewerage pipe by Jal Shakti Vibhag on Gref Junction to Civil Hospital Killar road (The Mall) KM. 0/0 to 2/500,PWD,Chamba,Himachal Pradesh,false
2024_PWD_93560_1,C O of Govt. Senior Secondary School at Dharech Tehsil and District Shimla,PWD,Shimla,Himachal Pradesh,false
2024_PWD_93588_1,Restoration of Rain Damages on Chamba Tissa road Km. 0/0 to 5/500(SH Construction of PCC B/wall at RD 1/060 to 1/067 and Retaining wall at RD 1/060 to 1/071 with Crash Barrier ),PWD,Chamba,Himachal Pradesh,false
2024_PWD_93687_1,Balance work of Guin Ubhek Banerdi Kounsal Kandapattan road at km. 0.0 to 24.0,PWD,Mandi,Himachal Pradesh,false
2024_PWD_93610_5,Upgradation of Raja Ka Talab to Panjasra road km 0.0 to 1.700 Under PMGSY Batch 1 2018 .19 World Bank RRP II Package No. HP.04.269 SH Routine Maintenance of road after completion of work,PWD,Kangra,Himachal Pradesh,false
2024_PWD_93610_3,Construction of road from Kangar to Kandore in GP Rehan and Kandore km 0.0 to 1.0 Under SCDP SH Providing and laying tarring at RD 0.0 to 1.0,PWD,Kangra,Himachal Pradesh,false
2024_PWD_93623_1,Retrofitting of Community Health Centre building Fatehpur SH Seismic Vulnerability Assessment and Retrofitting of Community Health Centre Fatehpur Kangra HP Under State Disaster Mitigation Fund,PWD,Kangra,Himachal Pradesh,false
2024_PWD_93610_4,Repair of road from Dholpur to Village Daradi Km 0.0 to 1.0 under NDRF SH Providing and laying Tarring at RD 0.190 to 0.940,PWD,Kangra,Himachal Pradesh,false
2024_PWD_93610_2,Construction of Kandore to Santwan road km 0.0 to 2.700 Under SCDP SH Providing and laying Wearing Grading II and tarring at RD 2.100 to 2.700,PWD,Kangra,Himachal Pradesh,false
2024_PWD_93684_1,Improvement of black spot on Banethi Bagthan Rajgarh Chandol road Km 48/00 to 87/0 (SH P/F W metal beam crash barrier in between Km 76/100 to 76/275).,PWD,Sirmaur,Himachal Pradesh,false
2024_PWD_93622_4,Constrcution of EVN/VVP Ware house at Fagu Thoeg Distt. Shimla (HP),PWD,Shimla,Himachal Pradesh,false
2024_PWD_93622_3,Constrcution of Bharari to Padhaya Mata road in km. 0/00 to 1/800,PWD,Shimla,Himachal Pradesh,false
2024_PWD_93643_1,Restoration of rain damages on Jia Manikaran road Km. 1/610 to 35/110 SH Construction of 40.50 mtrs. span double lane Arch bridge over river Beas at Bhunter Job No.CRF-HP-2023-24/188 on EPC Mode.,PWD,Kullu,Himachal Pradesh,false
2024_PWD_93622_1,Constrcution of Bharari to Padhaya Mata raod in km. 0/00 to 1/800,PWD,Shimla,Himachal Pradesh,false
2024_PWD_93622_2,Constrcution of Bharari to Padhaya Mata road in km. 0/00 to 1/800,PWD,Shimla,Himachal Pradesh,false
2024_HPSEB_93676_1,procurement of 11kV Heat Shrinkable Cable End Termination Kit 3x240mm2 I D Type straight jointing Kit 3x185mm2,HPSEBL,Hamirpur(HP),Himachal Pradesh,false
2024_HPSEB_93669_1,Procurement of Kit-Kat Fuse Unit 400 Amp,HPSEBL,Hamirpur(HP),Himachal Pradesh,false
2024_HPSEB_93680_1,Procurement of Meters LT CTs Bar Wound Ring type,HPSEBL,Hamirpur(HP),Himachal Pradesh,false
2024_HPSEB_93686_1,Procurement of Snow-Kits,HPSEBL,Hamirpur(HP),Himachal Pradesh,false
2024_HPSEB_93650_1,Procurement of Poly Carbonate Seals (Double locking type) (Quadric locking type),HPSEBL,Hamirpur(HP),Himachal Pradesh,false
2024_HPSEB_93649_1,Tender for Providing wire mesh fencing around remaining portion of store building of Bassi Power House under Bassi Power House Division HPSEBL Joginder Nagar,HPSEBL,Mandi,Himachal Pradesh,false
2024_HPSEB_93673_1,Procurement of 11kV Heat Shrinkable Cable End Termination Kit 3x185mm2 ID Type 3x240mm2 3x300mm2 3x400mm2 OD Type,HPSEBL,Hamirpur(HP),Himachal Pradesh,false
2024_HPSEB_93678_1,procurement of Earthing set suitable for LT HT Line,HPSEBL,Hamirpur(HP),Himachal Pradesh,false
2024_HPSEB_93672_1,Procurement of Rain Coat with Caps,HPSEBL,Hamirpur(HP),Himachal Pradesh,false
2024_HPSEB_93663_1,Procuremnet of LT Distribution Panel Box for 100kVA,HPSEBL,Hamirpur(HP),Himachal Pradesh,false
2024_HPSEB_93671_1,Procuremnet of Kit-Kat Fuse Unit 300Amp,HPSEBL,Hamirpur(HP),Himachal Pradesh,false
2024_HPSEB_93662_1,Estimate for construction repair and painting of Sub Division Office JNR II and Divisional Store Building including yard under ESD NO II Joginder Nagar,HPSEBL,Mandi,Himachal Pradesh,false
2024_HPSEB_93660_1,Procuremnet of Clip on Meter (Tong Tester),HPSEBL,Hamirpur(HP),Himachal Pradesh,false
2024_HPSEB_93679_1,Procurement of HRC Fuse Base Links,HPSEBL,Hamirpur(HP),Himachal Pradesh,false
2024_HPSEB_93658_1,Estimate for Construction of Boundary Wall behind Divisional Office complex at Joginder Nagar under Electrical Division HPSEBL Joginder Nagar,HPSEBL,Mandi,Himachal Pradesh,false
2024_HPSEB_93657_1,Estimate for construction repair maintenance of XEN residence parking shed and compound near PWD Rest House Joginder Nagar under ESD NO I Joginder Nagar,HPSEBL,Mandi,Himachal Pradesh,false
2024_HPSEB_93655_1,Estimate for construction repair and maintenance to residential building Rest Camp and Complaint cell of ESD No I Joginder Nagar under ED Joginder Nagar,HPSEBL,Mandi,Himachal Pradesh,false
2024_HPSEB_93570_2,18/2024-25,HPSEBL,Mandi,Himachal Pradesh,false
2024_HPSEB_93572_1,CEO/MM/Ltd. Tender/ No. 140(Snow Kit)/2024-25,HPSEBL,Shimla,Himachal Pradesh,false
2024_HPSEB_93579_1,CEO/MM/Ltd. Tender/ No. 142 (LT Panel 250 KVA)/2024-25,HPSEBL,Shimla,Himachal Pradesh,false
2024_HPSEB_93576_1,CEO/MM/Ltd. Tender/ No. 141 (LT Stay Set)/2024-25,HPSEBL,Shimla,Himachal Pradesh,false
2024_HPSEB_93607_1,"Tender for Supply of equipment / material , design, erection, testing and commissioning for SOP to HPPCL for Chanju-III (48MW) , Deothal Chanju (30MW) HEP by providing strengthening of existing 33 KV HT line from Koti to Nakror u ESD Tissa ED Chamba",HPSEBL,Chamba,Himachal Pradesh,false
2024_HPSEB_93634_1,"Construction of AE residence at consumer care cum sub division office building at Udaipur under ED, HPSEBL, Keylong.",HPSEBL,Lahul & Spiti,Himachal Pradesh,false
2024_HPSEB_93668_1,Procurement of LT Distribution Panel Box for 250kVA,HPSEBL,Hamirpur(HP),Himachal Pradesh,false
2024_HPSEB_93637_1,"Providing supply of power to LWSS to various habitations of GP Majholi Tipper and Kaleda Majheoti in Electrical Section Thaili Chakti, under ESD Nankhari",HPSEBL,Shimla,Himachal Pradesh,false
2024_HPSEB_93646_1,DED-38/2024-25,HPSEBL,Kangra,Himachal Pradesh,false
2024_HPSEB_93666_1,Procurement of LT Distribution Panel Box for 250kVA,HPSEBL,Hamirpur(HP),Himachal Pradesh,false
2024_HPSEB_93581_1,CEKZ-TEN-115/ Snow Kit/24-25,HPSEBL,Kangra,Himachal Pradesh,false
2024_HPSEB_93642_1,Mtc of water supply line from source Dwarch to HPSEB Ltd. Colony Kotla for the period w.e.f. 01.10.2024 to 31.03.2025.,HPSEBL,Kinnaur,Himachal Pradesh,false
2024_HPSEB_93614_1,19/2024-25,HPSEBL,Solan,Himachal Pradesh,false
2024_HPSEB_93641_1,Maintaining/observation of water level at forebay of Ganvi Power House Stage-I round the clock and conveying the same to intake and control room of Ganvi Power House and cleaning of trash rack w.e.f. 01.10.2024 to 31.03.2025 (182days),HPSEBL,Kinnaur,Himachal Pradesh,false
2024_HPSEB_93639_1,Construction of Division office building at Rampur,HPSEBL,Shimla,Himachal Pradesh,false
2024_HPSEB_93632_1,"Tender for Providing supply of power to LWSS to various habitations of GP Jahoo and Khunni-Panoli Stage-Iind., in Electrical Section Jahoo, under ESD Nankhari.",HPSEBL,Shimla,Himachal Pradesh,false
2024_HPSEB_93675_1,Tender for Shifting of 11KV Aleo feeder from plot of The Manali Cooperative Housing Society Ltd at Aleo under ESD NoII HPSEBL Manali on Turnkey Basis,HPSEBL,Kullu,Himachal Pradesh,false
2024_HPSEB_93566_1,Supply of wiring material for Bassi Power House,HPSEBL,Mandi,Himachal Pradesh,false
2024_HPIPH_93653_1,Providing Sewerage Scheme to PGI Satellite Centre Una in Tehsil Una Distt. Una Himachal Pradesh,HP Irrigation and Public Health,Una,Himachal Pradesh,false
2024_HPIPH_93595_1,Installation of public tap alongwith real time quality monitoring system at Sihunta under Bhattiyat constituency in Distt Chamba HP under JJM,HP Irrigation and Public Health,Chamba,Himachal Pradesh,false
2024_PWD_93713_1,Restoration of rain damages on Bharwain Chinpurni Talwara road km 000 to 15310 MDR 42 SH Const of Breast wall at RD 14820 to 14842 RHS and 15280 to 15293 Against IPH deposit,PWD,Una,Himachal Pradesh,false
2024_PWD_93732_1,C/O P.H.C.Building at Phal Tehsil Nadaun District Hamirpur,PWD,Hamirpur(HP),Himachal Pradesh,false
2024_PWD_93551_1,AMC of two No. passenger cum bed elevators installed in medical college and surgical Block C at IGMC Shimla for the year 2024 25.,PWD,Shimla,Himachal Pradesh,false
2024_PWD_93558_1,AMC of three no. passenger cum bed elevators installed in block D block E and Cancer Hospital at IGMC Shimla.,PWD,Shimla,Himachal Pradesh,false
2024_PWD_93716_1,Periodical Renewal coat with 25 mm thick bituminous concrete with paver on Link road Takoli to Dhagrah Km 000 to 1000 HP1201 VR 07151201 and village Bhagnal from Jole Khurwain road km 0600 to 1230 HP1201VR012251219 for the year 2024 25,PWD,Una,Himachal Pradesh,false
2024_PWD_93715_1,Const of link road from Amb Saloi road to village Mansoh Tikkri Mohalla Pangian km 000 to 2640 SH Const of Retaining wall at RD 1780 to 1805 LHS Under MNP,PWD,Una,Himachal Pradesh,false
2024_PWD_93728_1,Restoration of rain damages on Nadaun Bangana Road,PWD,Hamirpur(HP),Himachal Pradesh,false
2024_PWD_93709_1,Const of jeepable link road to Mohalla Talap under GP Duhal Bangwala km 00 to 1750 SH PL GSB WMM and Tarring between km 0750 to 1250 Under MNP,PWD,Una,Himachal Pradesh,false
2024_PWD_93697_1,Const of link road to Village Kharoh km 000 to 3500 SH PL GSB WMM and Tarring between km 3000 to 3500 under MNP,PWD,Una,Himachal Pradesh,false
2024_PWD_93725_1,"Construction of Community Hall at HPPWD Rest House Sera, Tehsil Nadaun, Hamirpur (H.P.)",PWD,Hamirpur(HP),Himachal Pradesh,false
2024_PWD_93696_1,Construction of Approach road to Khar Bridge over Pin river at Village Khar.,PWD,Lahul & Spiti,Himachal Pradesh,false
2024_PWD_93721_1,Restoration of rain damages on Manpul Gauna Karour Basaral Jasoh Road Km 0/00 to 8/500,PWD,Hamirpur(HP),Himachal Pradesh,false
2024_PWD_93703_1,Construction of 180 feet standard with TDR bailey bridge IRC-6 load class 40R from GRSE over Kurpan Khad at Kedas on Avera Ghatoo road at RD 8/825 SH Launching of bailey bridge,PWD,Kullu,Himachal Pradesh,false
2024_PWD_93692_2,Repair/Maintenance Rest House at Fagu Shimla,PWD,Shimla,Himachal Pradesh,false
2024_PWD_93698_1,Construction of Approach road to Khar Bridge over Pin river at Village Khar.,PWD,Lahul & Spiti,Himachal Pradesh,false
2024_PWD_93692_1,Construction of up gradation of link road H05 to Reog Teer km. 0/00 to 0/515,PWD,Shimla,Himachal Pradesh,false
2024_PWD_93688_2,Construction of Sub Tehsil Officer at Mandap,PWD,Mandi,Himachal Pradesh,false
2024_PWD_93591_1,C/O link road to Govt. Degree Collage Dhaenta km 0/00 to 0/800,PWD,Hamirpur(HP),Himachal Pradesh,false
2024_PWD_93569_1,AMC of 1 No. passenger lift installed in B block at IGMC Shimla. 01.08.2024 to 31.07.2025,PWD,Shimla,Himachal Pradesh,false
2024_PWD_93599_1,C/O link road from Lower Jalari to Rakkar Sidh Mandir and Manjhiar Bantera to Pakhrol Km 0/00 to 5/00,PWD,Hamirpur(HP),Himachal Pradesh,false
2024_PWD_93706_1,Const of and MT link road Gram Panchayat Maloun Awarla via Mahashya Basti in GP Gindpur Maloun km 000 to 2370 SH PL GSB WMM and Tarring between km 1250 to 1750 Under MNP,PWD,Una,Himachal Pradesh,false
2024_PWD_93564_1,AMC of 1 No. passenger cum bed elevators installed in Kamla Nehru State hospital for mother and child at B Block Shimla for the period of 3 years.,PWD,Shimla,Himachal Pradesh,false
2024_PWD_93571_1,AMC of 1 No. passenger elevators OTIS make installed in Civil Hospital building at Theog District Shimla for one year 2024 25. 01.09.2024 to 31.08.2025.,PWD,Shimla,Himachal Pradesh,false
2024_HPSEB_93743_1,CEKZ-KGR-11/2024-25,HPSEBL,Kangra,Himachal Pradesh,false
2024_HPSEB_93730_1,SEOP 18/2024-25,HPSEBL,Kangra,Himachal Pradesh,false
2024_HPSEB_93738_1,HPSEBL/EDHMR/E/2024-25/56,HPSEBL,Hamirpur(HP),Himachal Pradesh,false
2024_HPSEB_93736_1,SEOP 20/2024-25,HPSEBL,Kangra,Himachal Pradesh,false
2024_HPSEB_93735_1,HPSEBL/EDHMR/E/2024-25/55,HPSEBL,Hamirpur(HP),Himachal Pradesh,false
2024_HPSEB_93633_1,CLEANING AND UPKEEP OF HPSEBL VIDYUT BHAWAN COMPLEX SHIMLA 4 HPSEBL GUEST HOUSE LIAISON OFFICE AT DELHI Office of CE SP HPSEBL DOGRA LODGE PR and ALDC office complex Dy Chief Engineer Interstate ALDC Control Room Building including parking area an,HPSEBL,Shimla,Himachal Pradesh,false
2024_HPSEB_93629_1,CEO/MM/Ltd. Tender/ No. 144 (LT Panel 630 KVA)/2024-25,HPSEBL,Sirmaur,Himachal Pradesh,false
2024_HPSEB_93631_1,CEO/MM/Ltd. Tender/ No. 145 (LT Panel 400 KVA)/2024-25,HPSEBL,Sirmaur,Himachal Pradesh,false
2024_HPSEB_93744_1,HPSEBL/EDHMR/E/2024-25/58,HPSEBL,Hamirpur(HP),Himachal Pradesh,false
2024_HPSEB_93635_1,CEO/MM/Ltd. Tender/ No. 146(Snow Kit)/2024-25,HPSEBL,Shimla,Himachal Pradesh,false
2024_HPSEB_93651_1,82/2024-25,HPSEBL,Sirmaur,Himachal Pradesh,false
2024_HPSEB_93656_1,84/2024-25,HPSEBL,Sirmaur,Himachal Pradesh,false
2024_HPSEB_92273_1,"Dismantling of existing elevator, design, manufacture, shop testing, supply, insurance, transportation, assembly, erection, testing and commissioning of one (1) no. passenger type Elevator for (3x42 MW) Larji HEP, Thalout Distt. Mandi (HP)",HPSEBL,Mandi,Himachal Pradesh,true
2024_HPSEB_93689_1,"Hardware fittings i.e. T-Clamps with Galvanised nuts-bolts and washers, C-wedge clamps, straight joint with steel fitting(compression type) and Endcone with steel sleeve assembly(compression type)",HPSEBL,Hamirpur(HP),Himachal Pradesh,false
2024_HPSEB_93654_1,83/2024-25,HPSEBL,Sirmaur,Himachal Pradesh,false
2024_HPSEB_93624_1,CEO/MM/Ltd. Tender/ No. 143(Snow Kit)/2024-25,HPSEBL,Sirmaur,Himachal Pradesh,false
2024_HPSEB_93742_1,HPSEBL/EDHMR/E/2024-25/57,HPSEBL,Hamirpur(HP),Himachal Pradesh,false
2024_HPSEB_93648_1,Tender for construction of toilet in Sub-Division office at Kandrour under Electrical Division HPSEBL Ghumarwin,HPSEBL,Bilaspur (HP),Himachal Pradesh,false
2024_HPIPH_93714_1,Replacement of old and damaged GI pipes of GWSS to Maa Bhangayani Mandir under JJM in GP Dewari Kharan Tehsil Sangrah Distt Sirmour HP),HP Irrigation and Public Health,Sirmaur,Himachal Pradesh,false
2024_HPIPH_93719_1,Const of PLWSS from Kurpankhad to GP GhatooGamog and Shilli in Nirmand Block Distt. Kullu (H.P),HP Irrigation and Public Health,Kullu,Himachal Pradesh,false
2024_HPIPH_93700_1,Construction of FIS Ullansa in GP Ullansa Tehsil Bharmour Distt Chamba,HP Irrigation and Public Health,Chamba,Himachal Pradesh,false
